,candidate sequence,length,substitution score,best case,score (%)
24,FGAIAGFIE,9,21673.0,21825.0,99.3
104,LFGAIAGFIE,10,23398.0,23765.0,98.46
22,GLFGAIAGF,9,21951.0,22310.0,98.39
181,RGLFGAIAGFI,11,26244.0,26675.0,98.38
102,RGLFGAIAGF,10,24322.0,24735.0,98.33
23,LFGAIAGFI,9,20979.0,21340.0,98.31
21,RGLFGAIAG,9,21418.0,21825.0,98.14
185,GAIAGFIEGGW,11,28964.0,30070.0,96.32
184,FGAIAGFIEGG,11,26559.0,27645.0,96.07
107,AIAGFIEGGW,10,26080.0,27160.0,96.02
106,GAIAGFIEGG,10,23670.0,24735.0,95.69
26,AIAGFIEGG,9,20786.0,21825.0,95.24
25,GAIAGFIEG,9,20774.0,21825.0,95.18
183,LFGAIAGFIEG,11,25388.0,26675.0,95.18
52,WTYNAELLV,9,23058.0,24250.0,95.08
215,YNAELLVLLEN,11,24412.0,25705.0,94.97
180,SRGLFGAIAGF,11,25288.0,26675.0,94.8
135,YNAELLVLLE,10,21508.0,22795.0,94.35
136,NAELLVLLEN,10,21035.0,22310.0,94.29
101,SRGLFGAIAG,10,22384.0,23765.0,94.19
56,AELLVLLEN,9,18194.0,19400.0,93.78
211,DVWTYNAELLV,11,27278.0,29100.0,93.74
131,DVWTYNAELL,10,25401.0,27160.0,93.52
132,VWTYNAELLV,10,24491.0,26190.0,93.51
55,NAELLVLLE,9,18131.0,19400.0,93.46
20,SRGLFGAIA,9,19474.0,20855.0,93.38
51,VWTYNAELL,9,22614.0,24250.0,93.25
37,GMVDGWYGY,9,26187.0,28130.0,93.09
50,DVWTYNAEL,9,23469.0,25220.0,93.06
133,WTYNAELLVL,10,24231.0,26190.0,92.52
213,WTYNAELLVLL,11,25975.0,28130.0,92.34
17,LATGLRNVP,9,20152.0,21825.0,92.33
216,NAELLVLLENE,11,22819.0,24735.0,92.25
194,GWTGMVDGWYG,11,32597.0,35405.0,92.07
231,GNGCFEFYHKC,11,32551.0,35405.0,91.94
70,GCFEFYHKC,9,27114.0,29585.0,91.65
179,QSRGLFGAIAG,11,23998.0,26190.0,91.63
137,AELLVLLENE,10,19978.0,21825.0,91.54
214,TYNAELLVLLE,11,23068.0,25220.0,91.47
210,LDVWTYNAELL,11,26610.0,29100.0,91.44
116,WTGMVDGWYG,10,29701.0,32495.0,91.4
153,GCFEFYHKCD,10,29699.0,32495.0,91.4
115,GWTGMVDGWY,10,29693.0,32495.0,91.38
152,NGCFEFYHKC,10,29649.0,32495.0,91.24
212,VWTYNAELLVL,11,25664.0,28130.0,91.23
4,LVIWGVHHP,9,24739.0,27160.0,91.09
232,NGCFEFYHKCD,11,32234.0,35405.0,91.04
187,IAGFIEGGWTG,11,27816.0,30555.0,91.04
151,GNGCFEFYHK,10,28219.0,31040.0,90.91
130,LDVWTYNAEL,10,24678.0,27160.0,90.86
57,ELLVLLENE,9,18068.0,19885.0,90.86
186,AIAGFIEGGWT,11,26847.0,29585.0,90.75
53,TYNAELLVL,9,18909.0,20855.0,90.67
68,GNGCFEFYH,9,25930.0,28615.0,90.62
134,TYNAELLVLL,10,20653.0,22795.0,90.6
109,AGFIEGGWTG,10,25919.0,28615.0,90.58
100,QSRGLFGAIA,10,21088.0,23280.0,90.58
71,CFEFYHKCD,9,26797.0,29585.0,90.58
165,CMESVRNGTY,10,24590.0,27160.0,90.54
34,GWTGMVDGW,9,26312.0,29100.0,90.42
188,AGFIEGGWTGM,11,28047.0,31040.0,90.36
49,LDVWTYNAE,9,22764.0,25220.0,90.26
108,IAGFIEGGWT,10,24931.0,27645.0,90.18
69,NGCFEFYHK,9,25317.0,28130.0,90.0
29,GFIEGGWTG,9,23987.0,26675.0,89.92
36,TGMVDGWYG,9,24407.0,27160.0,89.86
195,WTGMVDGWYGY,11,32248.0,35890.0,89.85
197,GMVDGWYGYHH,11,32228.0,35890.0,89.8
233,GCFEFYHKCDN,11,31793.0,35405.0,89.8
19,QSRGLFGAI,9,19156.0,21340.0,89.77
110,GFIEGGWTGM,10,26115.0,29100.0,89.74
28,AGFIEGGWT,9,23034.0,25705.0,89.61
189,GFIEGGWTGMV,11,27802.0,31040.0,89.57
193,GGWTGMVDGWY,11,31683.0,35405.0,89.49
245,CMESVRNGTYD,11,26841.0,30070.0,89.26
192,EGGWTGMVDGW,11,30721.0,34435.0,89.21
81,CMESVRNGT,9,21200.0,23765.0,89.21
41,GWYGYHHQN,9,27650.0,31040.0,89.08
39,VDGWYGYHH,9,27215.0,30555.0,89.07
119,MVDGWYGYHH,10,29343.0,32980.0,88.97
154,CFEFYHKCDN,10,28891.0,32495.0,88.91
11,IGECPKYVK,9,22395.0,25220.0,88.8
218,ELLVLLENERT,11,21954.0,24735.0,88.76
82,MESVRNGTY,9,20225.0,22795.0,88.73
83,ESVRNGTYD,9,20641.0,23280.0,88.66
118,GMVDGWYGYH,10,28368.0,32010.0,88.62
30,FIEGGWTGM,9,23205.0,26190.0,88.6
177,LRLATGLRNVP,11,23194.0,26190.0,88.56
121,DGWYGYHHQN,10,30066.0,33950.0,88.56
217,AELLVLLENER,11,21461.0,24250.0,88.5
111,FIEGGWTGMV,10,24892.0,28130.0,88.49
199,VDGWYGYHHQN,11,31753.0,35890.0,88.47
114,GGWTGMVDGW,10,28302.0,32010.0,88.42
12,GECPKYVKS,9,22281.0,25220.0,88.35
18,ATGLRNVPS,9,19274.0,21825.0,88.31
15,LRLATGLRN,9,18411.0,20855.0,88.28
117,TGMVDGWYGY,10,26954.0,30555.0,88.21
220,LVLLENERTLD,11,22204.0,25220.0,88.04
190,FIEGGWTGMVD,11,27308.0,31040.0,87.98
191,IEGGWTGMVDG,11,27308.0,31040.0,87.98
139,LLVLLENERT,10,19629.0,22310.0,87.98
99,LATGLRNVPS,10,20889.0,23765.0,87.9
230,IGNGCFEFYHK,11,28933.0,32980.0,87.73
98,RLATGLRNVP,10,21263.0,24250.0,87.68
138,ELLVLLENER,10,19551.0,22310.0,87.63
87,VLVIWGVHHP,10,25501.0,29100.0,87.63
219,LLVLLENERTL,11,21246.0,24250.0,87.61
38,MVDGWYGYH,9,25483.0,29100.0,87.57
146,NAKEIGNGCF,10,24202.0,27645.0,87.55
40,DGWYGYHHQ,9,27170.0,31040.0,87.53
198,MVDGWYGYHHQ,11,30985.0,35405.0,87.52
166,MESVRNGTYD,10,22476.0,25705.0,87.44
92,TIGECPKYVK,10,24128.0,27645.0,87.28
113,EGGWTGMVDG,10,25386.0,29100.0,87.24
150,IGNGCFEFYH,10,26644.0,30555.0,87.2
72,FEFYHKCDN,9,24526.0,28130.0,87.19
31,IEGGWTGMV,9,21988.0,25220.0,87.18
97,LRLATGLRNV,10,19852.0,22795.0,87.09
141,VLLENERTLD,10,20272.0,23280.0,87.08
59,LVLLENERT,9,17715.0,20370.0,86.97
84,SVRNGTYDY,9,21086.0,24250.0,86.95
226,NAKEIGNGCFE,11,26107.0,30070.0,86.82
112,IEGGWTGMVD,10,24404.0,28130.0,86.75
3,VLVIWGVHH,9,22290.0,25705.0,86.71
140,LVLLENERTL,10,19332.0,22310.0,86.65
58,LLVLLENER,9,17226.0,19885.0,86.63
75,YHKCDNECM,9,25196.0,29100.0,86.58
229,EIGNGCFEFYH,11,28498.0,32980.0,86.41
93,IGECPKYVKS,10,23442.0,27160.0,86.31
63,NAKEIGNGC,9,21340.0,24735.0,86.27
61,LLENERTLD,9,18395.0,21340.0,86.2
244,ECMESVRNGTY,11,25494.0,29585.0,86.17
122,GWYGYHHQNE,10,28824.0,33465.0,86.13
33,GGWTGMVDG,9,22967.0,26675.0,86.1
64,AKEIGNGCF,9,21292.0,24735.0,86.08
209,FLDVWTYNAEL,11,25860.0,30070.0,86.0
16,RLATGLRNV,9,17921.0,20855.0,85.93
202,WYGYHHQNEQG,11,30828.0,35890.0,85.9
200,DGWYGYHHQNE,11,31240.0,36375.0,85.88
201,GWYGYHHQNEQ,11,30822.0,35890.0,85.88
239,HKCDNECMESV,11,27479.0,32010.0,85.85
32,EGGWTGMVD,9,22482.0,26190.0,85.84
238,YHKCDNECMES,11,28678.0,33465.0,85.7
159,HKCDNECMES,10,25766.0,30070.0,85.69
167,ESVRNGTYDY,10,22829.0,26675.0,85.58
158,YHKCDNECME,10,26939.0,31525.0,85.45
60,VLLENERTL,9,17400.0,20370.0,85.42
91,ITIGECPKYV,10,23198.0,27160.0,85.41
76,HKCDNECME,9,24027.0,28130.0,85.41
147,AKEIGNGCFE,10,23197.0,27160.0,85.41
67,IGNGCFEFY,9,22764.0,26675.0,85.34
235,FEFYHKCDNEC,11,29795.0,34920.0,85.32
234,CFEFYHKCDNE,11,29795.0,34920.0,85.32
129,FLDVWTYNAE,10,23946.0,28130.0,85.13
174,TIGECPKYVKS,11,25175.0,29585.0,85.09
173,ITIGECPKYVK,11,25125.0,29585.0,84.92
42,WYGYHHQNE,9,25920.0,30555.0,84.83
246,MESVRNGTYDY,11,24664.0,29100.0,84.76
123,WYGYHHQNEQ,10,27918.0,32980.0,84.65
196,TGMVDGWYGYH,11,29135.0,34435.0,84.61
74,FYHKCDNEC,9,25028.0,29585.0,84.6
149,EIGNGCFEFY,10,24618.0,29100.0,84.6
9,ITIGECPKY,9,21314.0,25220.0,84.51
66,EIGNGCFEF,9,21706.0,25705.0,84.44
164,ECMESVRNGT,10,22104.0,26190.0,84.4
65,KEIGNGCFE,9,21281.0,25220.0,84.38
169,DVLVIWGVHHP,11,27002.0,32010.0,84.35
156,EFYHKCDNEC,10,26933.0,32010.0,84.14
48,FLDVWTYNA,9,21621.0,25705.0,84.11
178,RLATGLRNVPS,11,22000.0,26190.0,84.0
157,FYHKCDNECM,10,26863.0,32010.0,83.92
160,KCDNECMESV,10,23599.0,28130.0,83.89
62,LENERTLDL,9,17882.0,21340.0,83.8
241,CDNECMESVRN,11,26001.0,31040.0,83.77
77,KCDNECMES,9,21886.0,26190.0,83.57
236,EFYHKCDNECM,11,28768.0,34435.0,83.54
88,LVIWGVHHPP,10,25525.0,30555.0,83.54
124,YGYHHQNEQG,10,25493.0,30555.0,83.43
155,FEFYHKCDNE,10,25430.0,30555.0,83.23
243,NECMESVRNGT,11,24198.0,29100.0,83.15
86,DVLVIWGVHH,10,23791.0,28615.0,83.14
240,KCDNECMESVR,11,25395.0,30555.0,83.11
237,FYHKCDNECME,11,28606.0,34435.0,83.07
6,IWGVHHPPT,9,24168.0,29100.0,83.05
126,NEQGSGYAAD,10,21343.0,25705.0,83.03
221,VLLENERTLDL,11,20932.0,25220.0,83.0
225,NNAKEIGNGCF,11,25335.0,30555.0,82.92
78,CDNECMESV,9,21310.0,25705.0,82.9
80,ECMESVRNG,9,19683.0,23765.0,82.82
227,AKEIGNGCFEF,11,24864.0,30070.0,82.69
94,GECPKYVKST,10,22818.0,27645.0,82.54
5,VIWGVHHPP,9,23614.0,28615.0,82.52
96,KLRLATGLRN,10,19210.0,23280.0,82.52
205,HQNEQGSGYAA,11,23971.0,29100.0,82.37
242,DNECMESVRNG,11,24362.0,29585.0,82.35
222,LENERTLDLHD,11,23126.0,28130.0,82.21
161,CDNECMESVR,10,23106.0,28130.0,82.14
228,KEIGNGCFEFY,11,25860.0,31525.0,82.03
203,YGYHHQNEQGS,11,26627.0,32495.0,81.94
176,KLRLATGLRNV,11,20651.0,25220.0,81.88
142,LLENERTLDL,10,19055.0,23280.0,81.85
207,DGFLDVWTYNA,11,25771.0,31525.0,81.75
206,QNEQGSGYAAD,11,22985.0,28130.0,81.71
204,GYHHQNEQGSG,11,26148.0,32010.0,81.69
168,SVRNGTYDYP,10,22582.0,27645.0,81.69
43,YGYHHQNEQ,9,22583.0,27645.0,81.69
144,ENERTLDLHD,10,21382.0,26190.0,81.64
163,NECMESVRNG,10,21777.0,26675.0,81.64
73,EFYHKCDNE,9,22568.0,27645.0,81.64
0,DTICIGYHA,9,20981.0,25705.0,81.62
148,KEIGNGCFEF,10,22948.0,28130.0,81.58
171,LVIWGVHHPPT,11,26896.0,32980.0,81.55
172,PITIGECPKYV,11,24891.0,30555.0,81.46
44,GYHHQNEQG,9,22112.0,27160.0,81.41
145,NNAKEIGNGC,10,22473.0,27645.0,81.29
162,DNECMESVRN,10,21669.0,26675.0,81.23
208,GFLDVWTYNAE,11,25209.0,31040.0,81.21
8,ESNGNLIAP,9,18109.0,22310.0,81.17
125,HQNEQGSGYA,10,22036.0,27160.0,81.13
85,VRNGTYDYP,9,20843.0,25705.0,81.09
175,IGECPKYVKST,11,23979.0,29585.0,81.05
46,NEQGSGYAA,9,18469.0,22795.0,81.02
223,ENERTLDLHDS,11,22776.0,28130.0,80.97
47,EQGSGYAAD,9,18447.0,22795.0,80.93
170,VLVIWGVHHPP,11,26287.0,32495.0,80.9
247,ESVRNGTYDYP,11,24325.0,30070.0,80.89
128,DGFLDVWTYN,10,23861.0,29585.0,80.65
2,DVLVIWGVH,9,19944.0,24735.0,80.63
224,RNNAKEIGNGC,11,24242.0,30070.0,80.62
7,YWTILKPGD,9,21490.0,26675.0,80.56
45,HHQNEQGSG,9,20697.0,25705.0,80.52
89,VIWGVHHPPT,10,24985.0,31040.0,80.49
13,ECPKYVKST,9,19908.0,24735.0,80.49
127,GYAADLKSTQ,10,19515.0,24250.0,80.47
90,PITIGECPKY,10,23007.0,28615.0,80.4
79,NECMESVRN,9,19084.0,23765.0,80.3
143,LENERTLDLH,10,20241.0,25220.0,80.26
1,ICIGYHANN,9,20995.0,26190.0,80.16
95,CPKYVKSTKL,10,21358.0,26675.0,80.07
14,KLRLATGLR,9,16300.0,20370.0,80.02
248,VRNGTYDYPKY,11,25222.0,31525.0,80.01
